t_s,controller,phase,x,y,z,roll,pitch,yaw,wx,wy,wz,des_yaw,yaw_err,u_yaw_Nm,depth_err,u_depth_Nm,pitch_err,u_pitch_Nm,roll_err,u_roll_Nm,hipR_ref,kneeR_ref,ankleR_ref,hipL_ref,kneeL_ref,ankleL_ref,tau_hipR,tau_kneeR,tau_ankleR,tau_hipL,tau_kneeL,tau_ankleL,wp_idx,wp_x,wp_y,dist_to_wp
0.004,pid_ff,soft_start,0.00010382775479345223,-2.755162688873152e-10,1.2013990897513802,-5.615012146116235e-19,-0.004642797055456957,3.14159,-1.3314786659536823e-16,-0.31569255665306967,-3.182877612446581e-16,-2.356173724155069,0.785421583024517,0.0,0.40139908975138017,0.0,0.17035720294454304,0.0,5.615012146116235e-19,0.0,9.029021078196039e-05,-4.33667909743795e-05,4.1863000436490676e-05,9.029021078190486e-05,-4.336679097430231e-05,4.186300043649069e-05,-0.00046265365059990624,-0.07553154542076015,-1.3446380057727915e-05,-0.0004626536506009789,-0.07553154542075399,-1.3446380057727915e-05,0,2.5,2.5,3.5354604895803625
0.008,pid_ff,soft_start,0.000136783376249474,-3.6296696907838724e-10,1.201857797596061,3.6808228079571405e-18,-0.00606085702179829,3.14159,1.0711417591300706e-15,-0.3540096250805156,-1.8465793983234413e-16,-2.3561671326961005,0.7854281744834859,0.0,0.4018577975960609,0.0,0.1689391429782017,0.0,-3.6808228079571405e-18,0.0,9.051978687695078e-05,-4.405581866690948e-05,4.1173860576870975e-05,9.051978687689526e-05,-4.4055818666832294e-05,4.117386057687099e-05,-0.005202104012580988,0.004580022416358569,-0.00014399701737847806,-0.005202104012579815,0.004580022416356599,-0.0001439970173780709,0,2.5,2.5,3.5354371870595127
0.012,pid_ff,soft_start,0.00017164055792176437,-4.554636311697902e-10,1.2023778432266732,1.9935133752987624e-19,-0.00761038813347034,3.14159,-7.706484368716979e-16,-0.386830570461502,5.896656149373467e-16,-2.3561601608112217,0.7854351463683642,0.0,0.40237784322667314,0.0,0.16738961186652965,0.0,-1.9935133752987624e-19,0.0,9.11397264594412e-05,-4.591644592450468e-05,3.9312930427030965e-05,9.113972645938567e-05,-4.591644592442749e-05,3.931293042703098e-05,-0.0055079547585024455,0.004910651182184261,-0.00030045566041459577,-0.005507954758502458,0.004910651182183606,-0.0003004556604142281,0,2.5,2.5,3.5354125401356193
0.016,pid_ff,soft_start,0.00020877304200958826,-5.539980121267351e-10,1.202958062438566,-8.402531009213635e-19,-0.009272500638278986,3.14159,-3.995102286011422e-16,-0.4149358105403945,-1.9110658624228463e-17,-2.3561527337296475,0.7854425734499388,0.0,0.402958062438566,0.0,0.16572749936172101,0.0,8.402531009213635e-19,0.0,9.234062248514804e-05,-4.952070018101107e-05,3.5708089432553185e-05,9.234062248509251e-05,-4.9520700180933876e-05,3.57080894325532e-05,-0.004791707336113447,0.003598532656308752,-0.0003178053458341712,-0.00479170733611318,0.0035985326563086296,-0.0003178053458338379,0,2.5,2.5,3.535386284572893
0.020,pid_ff,soft_start,0.0002480571883218276,-6.582420212510988e-10,1.2035973318055837,4.349105370310326e-18,-0.011029079036209127,3.14159,1.3331151555818346e-15,-0.43851863145836434,-6.676782130761543e-16,-2.356144876161656,0.7854504310179298,0.0,0.40359733180558366,0.0,0.16397092096379087,0.0,-4.349105370310326e-18,0.0,9.430994308804022e-05,-5.5431230329715734e-05,2.979659710631539e-05,9.43099430879847e-05,-5.5431230329638546e-05,2.9796597106315405e-05,-0.003923217595118698,0.002224515386650288,-0.00030446451884242037,-0.003923217595116979,0.0022245153866501817,-0.0003044645188417155,0,2.5,2.5,3.535358507829435
0.024,pid_ff,soft_start,0.0002892187419686287,-7.674678988987103e-10,1.2042946022252359,6.437281580022707e-18,-0.012864104855939359,3.14159,9.779518205129293e-16,-0.4581025424203898,-7.96465927688781e-16,-2.3561366429444295,0.7854586642351569,0.0,0.40429460222523583,0.0,0.16213589514406063,0.0,-6.437281580022707e-18,0.0,9.723204851704244e-05,-6.420135755554499e-05,2.102504218801744e-05,9.723204851698693e-05,-6.42013575554678e-05,2.1025042188017453e-05,-0.003097317573661365,0.0011244492427551398,-0.00030726434386514417,-0.003097317573659235,0.0011244492427674824,-0.00030726434386451425,0,2.5,2.5,3.535329403856871
0.028,pid_ff,soft_start,0.00033197774796608334,-8.809327607288856e-10,1.205048899357637,-6.172399616850917e-19,-0.01476414664346201,3.14159,-1.8570209191841452e-15,-0.4743333754896601,-7.987526980566058e-16,-2.356128090058001,0.7854672171215853,0.0,0.4050488993576369,0.0,0.16023585335653798,0.0,6.172399616850917e-19,0.0,0.00010128820807273842,-7.637512616726254e-05,8.849291803708085e-06,0.0001012882080726829,-7.637512616718536e-05,8.849291803708099e-06,-0.002332084881330404,0.00031047507616716605,-0.0003375368515466281,-0.0023320848813449422,0.00031047507617833637,-0.00033753685154337947,0,2.5,2.5,3.535299170632389
0.032,pid_ff,soft_start,0.0003760960177065466,-9.980045504793465e-10,1.2058593124087378,-1.6704500690907785e-18,-0.01671846990700135,3.14159,-5.611720459218975e-16,-0.4878844100389806,1.9816672485093557e-17,-2.3561192651309906,0.7854760420485958,0.0,0.40585931240873774,0.0,0.15828153009299864,0.0,1.6704500690907785e-18,0.0,0.0001066566170440741,-9.248735442966762e-05,-7.265559374688048e-06,0.00010665661704401857,-9.248735442959042e-05,-7.2655593746880344e-06,-0.0016084807219858724,-0.00027415614346138514,-0.00039488204091678146,-0.0016084807219809104,-0.0002741561434636648,-0.000394882040916999,0,2.5,2.5,3.5352679765966406
0.036,pid_ff,soft_start,0.00042138895977689703,-1.1181934395863477e-09,1.2067249761116134,5.5728219188039416e-18,-0.0187189374006335,3.1415899999999994,1.4588403658307855e-15,-0.49940403206778494,-2.7358767887961374e-16,-2.3561102050736054,0.7854851021059819,0.0,0.4067249761116134,0.0,0.1562810625993665,0.0,-5.5728219188039416e-18,0.0,0.00011351241364506092,-0.0001130636853957932,-2.7845239969843823e-05,0.00011351241364500541,-0.00011306368539571601,-2.784523996984381e-05,-0.0009068159880966987,-0.0006875735582718894,-0.0004758076986823066,-0.0009068159881096582,-0.0006875735582738652,-0.0004758076986824956,0,2.5,2.5,3.535235952289569
0.040,pid_ff,soft_start,0.0004677245460009157,-1.2411490775404327e-09,1.207645050383507,-2.6167276706149323e-18,-0.0207597674773166,3.14159,-1.7965184929785886e-15,-0.5094803020589531,-3.0881932333205536e-17,-2.356100936283719,0.7854943708958668,0.0,0.40764505038350696,0.0,0.15424023252268337,0.0,2.6167276706149323e-18,0.0,0.00012202769595147905,-0.00013862063773910406,-5.340635273950243e-05,0.00012202769595142354,-0.00013862063773902687,-5.340635273950242e-05,-0.00021359066493583355,-0.0009752364172996423,-0.0005763502054381859,-0.00021359066494598222,-0.0009752364173013547,-0.0005763502054381631,0,2.5,2.5,3.535203191082797
0.044,pid_ff,soft_start,0.0005150174132202976,-1.366644947201259e-09,1.2086187008304594,-7.313568261395314e-18,-0.0228372053259664,3.14159,-1.2647794506758287e-15,-0.5186192069730168,1.900178756466011e-16,-2.356091475825926,0.78550383135366,0.0,0.40861870083045937,0.0,0.1521627946740336,0.0,7.313568261395314e-18,0.0,0.00013237153883758062,-0.00016966565658569494,-8.44564254169508e-05,0.0001323715388375251,-0.00016966565658561774,-8.44564254169508e-05,0.00047937440459210274,-0.0011699699621597294,-0.0006928071506668165,0.00047937440460135944,-0.0011699699621612134,-0.0006928071506637774,0,2.5,2.5,3.5351697533513238
0.048,pid_ff,soft_start,0.0005632211425613976,-1.4945578708778236e-09,1.2096450820654379,-8.503257232830032e-18,-0.024949152751125542,3.14159,-2.396866788510566e-16,-0.527234310625739,-9.457991730290123e-16,-2.356081832975246,0.7855134742043397,0.0,0.4096450820654378,0.0,0.15005084724887444,0.0,8.503257232830032e-18,0.0,0.00014471001091279298,-0.00020669716434648883,-0.0001214939615514927,0.00014471001091273747,-0.00020669716434641163,-0.0001214939615514927,0.0011771596627120386,-0.0012948170486065291,-0.0008219234067165562,0.001177159662720814,-0.0012948170486078154,-0.0008219234067168395,0,2.5,2.5,3.535135671933687
0.052,pid_ff,soft_start,0.0006123201095585801,-1.6248463889605604e-09,1.2107233248013411,-1.3148262669622966e-17,-0.027094792786381123,3.14159,-2.1850915119500158e-16,-0.5356454639380293,-3.145748577077248e-16,-2.3560720108468027,0.7855232963327836,0.0,0.4107233248013411,0.0,0.14790520721361886,0.0,1.3148262669622966e-17,0.0,0.0001592061914584219,-0.0002502046115494349,-0.00016500849134892172,0.00015920619145836642,-0.0002502046115493577,-0.00016500849134892172,0.0018836472318289723,-0.0013658028281780404,-0.0009609254662481708,0.0018836472318181576,-0.0013658028281898183,-0.000960925466248614,0,2.5,2.5,3.5351009578953123
0.056,pid_ff,soft_start,0.0006623216795340083,-1.7575300448662225e-09,1.211852526931362,-8.574581881636258e-18,-0.02927423604608061,3.14159,7.116279801406988e-16,-0.5440842317487803,4.6956582449068e-16,-2.356062007956582,0.7855332992230046,0.0,0.411852526931362,0.0,0.14572576395391937,0.0,8.574581881636258e-18,0.0,0.0001760201873643548,-0.0003006685276717069,-0.0002154806225119946,0.00017602018736429933,-0.00030066852767162973,-0.0002154806225119946,0.002602778173504457,-0.0013940622310931899,-0.001107509257349533,0.002602778173494254,-0.0013940622310904993,-0.0011075092573499827,0,2.5,2.5,3.5350656060475014
0.060,pid_ff,soft_start,0.0007132492154012979,-1.892670834954914e-09,1.2130317483189714,-4.218594752333584e-19,-0.03148820687951381,3.14159,1.4831872883376005e-15,-0.5527038292413226,1.2599272232348427e-15,-2.3560518196198177,0.7855434875597691,0.0,0.4130317483189714,0.0,0.14351179312048618,0.0,4.218594752333584e-19,0.0,0.00019530915006576405,-0.00035856057197190084,-0.00027338209108090407,0.00019530915006570857,-0.00035856057197182365,-0.000273382091080904,0.003339215703293653,-0.00138736548364063,-0.0012598051276623812,0.0033392157033022233,-0.001387365483625684,-0.0012598051276630474,0,2.5,2.5,3.535029599891745
0.064,pid_ff,soft_start,0.0007651361598617721,-2.0303575025149405e-09,1.2142600087511388,-6.113498864850525e-17,-0.03373777956385183,3.14159,-1.5149361101825675e-14,-0.5615916138006701,1.1123431042512705e-16,-2.3560414391345783,0.7855538680450085,0.0,0.4142600087511388,0.0,0.14126222043614817,0.0,6.113498864850525e-17,0.0,0.00021722729247981027,-0.0004243435843222342,-0.0003391758122737528,0.00021722729247975478,-0.000424343584322157,-0.00033917581227375275,0.004098552434852993,-0.001351179051279683,-0.001416336199301401,0.004098552434844495,-0.001351179051280524,-0.0014163361992983112,0,2.5,2.5,3.534992915804192
0.068,pid_ff,soft_start,0.0008180212963351922,-2.1706929613400595e-09,1.2155362884055259,-4.435680539490552e-17,-0.036024168260691394,3.14159,4.705441185286409e-15,-0.570782506758809,9.88308696938833e-16,-2.356030858729666,0.7855644484499198,0.0,0.4155362884055258,0.0,0.1389758317393086,0.0,4.435680539490552e-17,0.0,0.00024192590594234524,-0.0004984716360407425,-0.00041331593132702525,0.00024192590594228976,-0.0004984716360406653,-0.0004133159313270252,0.004887208634209176,-0.0012893879564506302,-0.0015759554059693271,0.004887208634218519,-0.0012893879564511864,-0.001575955405966947,0,2.5,2.5,3.5349555263865247
0.072,pid_ff,soft_start,0.0008719451725206904,-2.3137848078247834e-09,1.2168595301885854,-2.6970723630838486e-17,-0.038348569421197055,3.14159,4.3283824043455625e-15,-0.5802720868582304,-9.84550516560651e-17,-2.356020070280013,0.7855752368995734,0.0,0.41685953018858535,0.0,0.13665143057880294,0.0,2.6970723630838486e-17,0.0,0.0002695533771446156,-0.0005813900807234789,-0.000496247874336062,0.0002695533771445601,-0.0005813900807234018,-0.000496247874336062,0.0057121523034461465,-0.0012047774884408622,-0.0017377934605285385,0.0057121523034374694,-0.0012047774884417642,-0.001737793460529421,0,2.5,2.5,3.534917402994687
0.076,pid_ff,soft_start,0.0009269475845588712,-2.4597386468981724e-09,1.2182286433693341,-3.4479988232228554e-17,-0.04071205177876142,3.14159,-1.8673363155994084e-15,-0.590028470178855,-1.6686990612289957e-16,-2.356009065809965,0.7855862413696215,0.0,0.4182286433693341,0.0,0.13428794822123857,0.0,3.4479988232228554e-17,0.0,0.0003002552050699657,-0.0006735356050767115,-0.0005884083990955322,0.0003002552050699102,-0.0006735356050766343,-0.0005884083990955322,0.006580546129033761,-0.001099348244464928,-0.0019012003177679257,0.0065805461290267975,-0.0010993482444662064,-0.0019012003177654893,0,2.5,2.5,3.534878517517642
0.080,pid_ff,soft_start,0.0009830659675592243,-2.6086538145085143e-09,1.2196425080286826,-3.180470101622391e-17,-0.04311548692198796,3.14159,1.1197425366289783e-15,-0.6000024407628667,1.7489287571277408e-16,-2.3559978378152877,0.7855974693642986,0.0,0.4196425080286825,0.0,0.13188451307801202,0.0,3.180470101622391e-17,0.0,0.0003341740179305412,-0.000775336279749122,-0.0006902256459399076,0.0003341740179304857,-0.000775336279749045,-0.0006902256459399076,0.007499374000701152,-0.000974520143094175,-0.002065694427139107,0.007499374000695287,-0.0009745201430957946,-0.0020656944271400454,0,2.5,2.5,3.5348388435152414
0.084,pid_ff,soft_start,0.0010403345141955147,-2.7606210457928596e-09,1.2210999799445368,-2.3878389997797256e-17,-0.04555951250413531,3.14159,1.971151814682951e-15,-0.6101355981052992,6.257965231402521e-16,-2.3559863794395404,0.7856089277400464,0.0,0.42109997994453674,0.0,0.12944048749586468,0.0,2.3878389997797256e-17,0.0,0.0003714495901039917,-0.000887211610164003,-0.0008021191885839335,0.00037144959010393624,-0.000887211610163926,-0.0008021191885839335,0.008475308164259381,-0.0008312669949402318,-0.0022309192717509443,0.008475308164271502,-0.0008312669949409418,-0.0022309192717519973,0,2.5,2.5,3.5347983568413106
0.088,pid_ff,soft_start,0.0010987838456168555,-2.9157215955810585e-09,1.2225998956260258,-4.7865372050292397e-17,-0.04804452016559338,3.14159,-4.936003981478565e-15,-0.6203665266100215,-4.9589212705733225e-16,-2.3559746845399645,0.7856206226396214,0.0,0.42259989562602573,0.0,0.1269554798344066,0.0,4.7865372050292397e-17,0.0,0.0004122188590701749,-0.0010095725873514579,-0.0009245000849631054,0.0004122188590701195,-0.0010095725873513807,-0.0009245000849631054,0.009514116607528917,-0.0014264367045574977,-0.00239660845873041,0.00951411660752246,-0.0014264367045519037,-0.002396608458731184,0,2.5,2.5,3.5347570358762233
0.092,pid_ff,soft_start,0.0011584531002373133,-3.0740593218962697e-09,1.2241410770162302,-3.219271342514414e-17,-0.050570666809092446,3.14159,1.453658261672504e-15,-0.6306366254574063,1.2904281807184338e-15,-2.3559627452686507,0.7856325619109352,0.0,0.42414107701623016,0.0,0.12442933319090754,0.0,3.219271342514414e-17,0.0,0.0004566159423478591,-0.0011428217387805968,-0.0010577709280741388,0.0004566159423478037,-0.0011428217387805196,-0.0010577709280741388,0.010577234090558493,-0.010972955914923487,-0.002563746883232987,0.01057723409055095,-0.010972955914923465,-0.002563746883230985,0,2.5,2.5,3.5347148529807457
0.096,pid_ff,soft_start,0.0012195103470856177,-3.2360802086407e-09,1.2257223329891034,-4.3714007977400986e-17,-0.05313794640472426,3.14159,-6.032200865565124e-16,-0.6409052195080714,8.107426265722552e-16,-2.3559505279778197,0.7856447792017667,0.0,0.42572233298910334,0.0,0.12186205359527573,0.0,4.3714007977400986e-17,0.0,0.0005047721544314265,-0.0012873531791917365,-0.0012023258968154444,0.0005047721544313711,-0.0012873531791916593,-0.0012023258968154444,0.011148277682123758,-0.011041295016825953,-0.0027492826865422025,0.011148277682134482,-0.011041295016827416,-0.002749282686539856,0,2.5,2.5,3.534671689372361
0.100,pid_ff,soft_start,0.0012818418477444937,-3.4014824428027636e-09,1.2273424723361692,-1.6479319922693065e-17,-0.05574596748983247,3.14159,5.165763202303555e-15,-0.6510760877959961,3.6390152219505426e-16,-2.3559380554065257,0.7856572517730607,0.0,0.4273424723361692,0.0,0.11925403251016753,0.0,1.6479319922693065e-17,0.0,0.0005568160237275769,-0.0014435526614285969,-0.0013585508068275996,0.0005568160237275215,-0.0014435526614285197,-0.0013585508068275996,0.011757516038898982,-0.011146340501406683,-0.0029741159367843253,0.01175751603890721,-0.011146340501406853,-0.0029741159367792746,0,2.5,2.5,3.534627625491434
0.104,pid_ff,soft_start,0.0013454342633260846,-3.5702306282927274e-09,1.2290003029812069,-1.5221344702201294e-17,-0.05839428966970138,3.14159,-2.1795510236427194e-16,-0.6611370147183036,-4.682791096025242e-16,-2.35592533020491,0.7856699769746758,0.0,0.42900030298120684,0.0,0.11660571033029861,0.0,1.5221344702201294e-17,0.0,0.00061287330949203,-0.0016117976272705008,-0.0015268231613338235,0.0006128733094919747,-0.0016117976272704236,-0.0015268231613338235,0.012472099292698388,-0.011377631390576522,-0.0031893519149442454,0.012472099292688268,-0.011377631390576792,-0.003189351914943246,0,2.5,2.5,3.534582670801163
0.108,pid_ff,soft_start,0.0014102974942046338,-3.742351035592954e-09,1.2306946351614279,-1.0210197771921576e-17,-0.06108232147687569,3.14159,2.648507967240878e-15,-0.6710502858581262,3.686971211227622e-17,-2.3559123503725132,0.7856829568070731,0.0,0.4306946351614278,0.0,0.1139176785231243,0.0,1.0210197771921576e-17,0.0,0.0006730670187662306,-0.0017924572582645733,-0.0017075122019804502,0.0006730670187661753,-0.001792457258264496,-0.0017075122019804502,0.01330547257394322,-0.011741438560688142,-0.0034007953794965946,0.013305472573951036,-0.011741438560688938,-0.0034007953794955178,0,2.5,2.5,3.534536818336987
0.112,pid_ff,soft_start,0.0014764447256282445,-3.917878653543792e-09,1.2324242853582892,-1.5547444952037946e-17,-0.06380934997647067,3.14159,-4.1475721711392345e-16,-0.6807855775795463,-9.994992492466498e-17,-2.3558991132509175,0.7856961939286684,0.0,0.43242428535828914,0.0,0.11119065002352932,0.0,1.5547444952037946e-17,0.0,0.000737517423314049,-0.001985892526557934,-0.001900978959677398,0.0007375174233139937,-0.0019858925265578567,-0.001900978959677398,0.01425038098936831,-0.012210234644604082,-0.0036081555489335788,0.014250380989340845,-0.012210234644603826,-0.003608155548935687,0,2.5,2.5,3.5344900588133332
0.116,pid_ff,soft_start,0.0015438894308134538,-4.096849235240994e-09,1.2341880793863191,-1.25688543728295e-17,-0.06657455780842508,3.14159,-8.281782110705842e-16,-0.6903168207371183,2.0027915270408227e-15,-2.3558856161234027,0.7857096910561836,0.0,0.4341880793863191,0.0,0.1084254421915749,0.0,1.25688543728295e-17,0.0,0.0008063420765584866,-0.0021924562457299023,-0.0021075763054386474,0.0008063420765584312,-0.002192456245729825,-0.0021075763054386474,0.015298227839760814,-0.01276193036701443,-0.003813465219601973,0.015298227839771018,-0.012761930367002402,-0.0038134652196038727,0,2.5,2.5,3.5344423827422555
0.120,pid_ff,soft_start,0.0016126447783265574,-4.27929772415336e-09,1.2359848552097643,-3.125282414639318e-17,-0.06937704544227788,3.14159,-2.4069429686400195e-15,-0.6996235019527215,1.0609207491360927e-15,-2.3558718563335255,0.7857234508460609,0.0,0.43598485520976427,0.0,0.10562295455772211,0.0,3.125282414639318e-17,0.0,0.0008796558305183785,-0.0024124931216241924,-0.0023276490012227135,0.0008796558305183231,-0.0024124931216241152,-0.0023276490012227135,0.0164401369809684,-0.01337841570828989,-0.0040177742277919355,0.016440136980977606,-0.01337841570828003,-0.004017774227793582,0,2.5,2.5,3.5343937808523878
0.124,pid_ff,soft_start,0.0016827237155777185,-4.4652584772071345e-09,1.2378134653990975,-2.3410672643284156e-17,-0.07221584908153067,3.14159,-7.847245311514815e-16,-0.7086895775619235,1.0516333014793405e-16,-2.355857831268402,0.7857374759111844,0.0,0.4378134653990975,0.0,0.10278415091846932,0.0,2.3410672643284156e-17,0.0,0.0009575708527450955,-0.0026463398031811095,-0.002561533750773115,0.0009575708527450401,-0.0026463398031810323,-0.002561533750773115,0.01766812949911318,-0.014046218066713044,-0.004221968972166888,0.017668129499121776,-0.014046218066717771,-0.004221968972168068,0,2.5,2.5,3.5343442440299313
0.128,pid_ff,soft_start,0.001754139113058374,-4.654765646328511e-09,1.2396727792933653,-2.0458000922569334e-17,-0.0750899563155034,3.14159,2.114026538595492e-15,-0.7175029112903497,-2.479459587740931e-16,-2.355843538329833,0.7857517688497531,0.0,0.43967277929336523,0.0,0.09991004368449659,0.0,2.0458000922569334e-17,0.0,0.0010401966432592492,-0.002894324933269752,-0.0028095592504588525,0.0010401966432591941,-0.002894324933269675,-0.0028095592504588525,0.018975194362693366,-0.014755224596303303,-0.004426644792191093,0.0189751943626831,-0.014755224596306613,-0.00442664479219184,0,2.5,2.5,3.534293763216714
0.132,pid_ff,soft_start,0.0018269039125987025,-4.847853576905893e-09,1.2415616848843634,-2.484391520553197e-17,-0.07799831912248678,3.14159,-2.1024485558415934e-15,-0.7260546130216947,7.798465292191216e-16,-2.3558289749046186,0.7857663322749673,0.0,0.4415616848843633,0.0,0.09700168087751321,0.0,2.484391520553197e-17,0.0,0.0011276400514873947,-0.0031567691995202075,-0.003072046240114879,0.0011276400514873396,-0.0031567691995201303,-0.003072046240114879,0.020355352930492815,-0.015497963355059303,-0.004632248869338548,0.02035535293048228,-0.015497963355061919,-0.004632248869333041,0,2.5,2.5,3.534242329305417
0.136,pid_ff,soft_start,0.0019010312555768042,-5.044557136314945e-09,1.2434790904491475,4.316058234709145e-17,-0.0809398647841025,3.14159,1.8527291106526918e-14,-0.7343385173439317,1.6798630310202968e-15,-2.355814138338884,0.7857811688407024,0.0,0.44347909044914746,0.0,0.09406013521589748,0.0,-4.316058234709145e-17,0.0,0.0012200052931987321,-0.003433985385155747,-0.0033493075538825706,0.001220005293198677,-0.00343398538515567,-0.0033493075538825706,0.021803587136124535,-0.01626893010898184,-0.00483911811359412,0.021803587136132035,-0.016268930108983996,-0.004839118113595674,0,2.5,2.5,3.5341899330489777
0.140,pid_ff,soft_start,0.001976534590723583,-5.2449120159014124e-09,1.2454239259511681,2.91366146510351e-17,-0.08391350498049283,3.14159,-3.429354842033947e-15,-0.7423507294048172,5.608936917187954e-16,-2.3557990259164763,0.7857962812631101,0.0,0.4454239259511681,0.0,0.09108649501950716,0.0,-2.91366146510351e-17,0.0,0.0013173939674418133,-0.003726278419825035,-0.0036416481710502087,0.0013173939674417583,-0.0037262784198249578,-0.0036416481710502087,0.023315736327041654,-0.017064102954522473,-0.00504752574682367,0.023315736327030843,-0.017064102954512172,-0.005047525746821377,0,2.5,2.5,3.534136564984428
0.144,pid_ff,soft_start,0.002053427761502925,-5.448954948362837e-09,1.2473951442296058,5.077225114767886e-17,-0.08691814338824566,3.14159,2.9320043698191733e-15,-0.7500892511293746,9.268089805452918e-16,-2.3557836348414525,0.7858116723381343,0.0,0.4473951442296058,0.0,0.08808185661175433,0.0,-5.077225114767886e-17,0.0,0.0014199050734812412,-0.004033945430434313,-0.003949365266893441,0.0014199050734811861,-0.004033945430434236,-0.003949365266893441,0.02488836754129902,-0.017880560327140575,-0.005257706838653723,0.024888367541290726,-0.017880560327145054,-0.00525770683865483,0,2.5,2.5,3.5340822153711753
0.148,pid_ff,soft_start,0.002131725074199093,-5.656723897058356e-09,1.2493917219943491,4.396444213817145e-17,-0.08995268202702597,3.14159,-5.885428231456217e-16,-0.7575536688421557,3.5634625207517853e-16,-2.3557679622244243,0.7858273449551625,0.0,0.44939172199434907,0.0,0.08504731797297402,0.0,-4.396444213817145e-17,0.0,0.001527635027734376,-0.004357275791979608,-0.004272748263515765,0.001527635027734321,-0.00435727579197953,-0.004272748263515765,0.02651864317939453,-0.018716193364837926,-0.005469877323855432,0.0265186431793882,-0.01871619336484242,-0.005469877323852776,0,2.5,2.5,3.5340268741429255
0.152,pid_ff,soft_start,0.0022114413480323445,-5.868258186864908e-09,1.2514126606426899,3.687375246039821e-17,-0.09301602656797106,3.1415900000000003,1.6025704721056082e-15,-0.7647448940781001,-4.450977012249411e-17,-2.355752005072494,0.7858433021070921,0.0,0.4514126606426898,0.0,0.08198397343202893,0.0,-3.687375246039821e-17,0.0,0.0016406776807080365,-0.004696551178378923,-0.004612078880688991,0.0016406776807079816,-0.004696551178378846,-0.004612078880688991,0.028204195388333332,-0.019569486812796445,-0.005684245535414096,0.02820419538832803,-0.019569486812800938,-0.005684245535415252,0,2.5,2.5,3.533970530872317
0.156,pid_ff,soft_start,0.0022925919488627064,-6.0835985919197246e-09,1.2534569869125056,4.642528740341909e-17,-0.09610709077444038,3.1415900000000003,2.283795862769895e-15,-0.7716649469804406,7.41365713532292e-16,-2.355735760282474,0.7858595468971119,0.0,0.4534569869125056,0.0,0.07889290922555961,0.0,-4.642528740341909e-17,0.0,0.001759124333935205,-0.005052045613304445,-0.0049676311866937274,0.00175912433393515,-0.005052045613304368,-0.0049676311866937274,0.029943014641014,-0.020439354749615456,-0.005901019476962258,0.0299430146410093,-0.020439354749593484,-0.005901019476959743,0,2.5,2.5,3.533913174747156
0.160,pid_ff,soft_start,0.002375192808198973,-6.3027873882402134e-09,1.255523753385623,4.1861477411354994e-17,-0.09922480021466638,3.14159,-1.3739430251934516e-15,-0.7783167745349038,5.499895434745295e-16,-2.3557192246370477,0.7858760825425382,0.0,0.4555237533856229,0.0,0.0757751997853336,0.0,-4.1861477411354994e-17,0.0,0.0018830637569117287,-0.005424025521014733,-0.005339671649159844,0.0018830637569116739,-0.005424025521014656,-0.005339671649159844,0.031733355376763715,-0.02132501814328848,-0.006120410819154308,0.03173335537676201,-0.021325018143308293,-0.006120410819151975,0,2.5,2.5,3.5338547945570453
0.164,pid_ff,soft_start,0.002459260429310193,-6.525868369105673e-09,1.257612038854135,4.723553265473852e-17,-0.10236809535887804,3.14159,-3.2697117418100628e-15,-0.7847040969076651,-2.9020890362136917e-16,-2.3557023948035103,0.7858929123760756,0.0,0.45761203885413493,0.0,0.07263190464112194,0.0,-4.723553265473852e-17,0.0,0.0020125822040330255,-0.005812749777186923,-0.005728459185906951,0.002012582204032971,-0.005812749777186846,-0.005728459185906951,0.033573659392794046,-0.022225914771075397,-0.006342636805953028,0.03357365939280992,-0.022225914771066183,-0.006342636805954078,0,2.5,2.5,3.53379537868913
0.168,pid_ff,soft_start,0.0025448118822462788,-6.75288683105669e-09,1.259720948561643,1.0260977791473486e-17,-0.10553593415262684,3.14159,-5.0086542166148975e-15,-0.7908312766819912,-1.1100620733382938e-15,-2.355685267334723,0.7859100398448629,0.0,0.4597209485616429,0.0,0.06946406584737315,0.0,-1.0260977791473486e-17,0.0,0.0021477634315307838,-0.0062184697597489225,-0.0061342452157848665,0.0021477634315307287,-0.006218469759748845,-0.0061342452157848665,0.035462495916442016,-0.023141633714803073,-0.006567920735445295,0.035462495916473255,-0.023141633714794985,-0.006567920735442793,0,2.5,2.5,3.5337349151316824
0.172,pid_ff,soft_start,0.0026318647895176616,-6.9838895371195085e-09,1.2618496143306708,8.785369554674005e-18,-0.10872729414137663,3.14159,-2.7608890660823147e-15,-0.7967032068341996,-2.7590715623900787e-15,-2.355667838671946,0.7859274685076407,0.0,0.46184961433067073,0.0,0.06627270585862335,0.0,-8.785369554674005e-18,0.0,0.0022886887144096682,-0.006641429399711609,-0.006557273709514094,0.002288688714409613,-0.006641429399711532,-0.006557273709514094,0.037398516424236805,-0.024071868401555493,-0.006796491546594205,0.037398516424230054,-0.024071868401547465,-0.006796491546595229,0,2.5,2.5,3.5336733914842964
0.176,pid_ff,soft_start,0.0027204373040779313,-7.218924658046601e-09,1.2639971945868547,2.6813493548860756e-17,-0.1119411742084653,3.14159,5.4941815475443685e-15,-0.8023252142143428,-5.460523847214111e-16,-2.3556501051492025,0.7859452020303834,0.0,0.4639971945868546,0.0,0.06305882579153468,0.0,-2.6813493548860756e-17,0.0,0.0024354368633840223,-0.00708186523200103,-0.006997781240526295,0.0024354368633839676,-0.007081865232000953,-0.006997781240526295,0.03938042186176839,-0.025016383424164408,-0.00702858285373894,0.039380421861779404,-0.02501638342418138,-0.007028582853737039,0,2.5,2.5,3.5336107949735154
0.180,pid_ff,soft_start,0.002810548081114458,-7.458041695646408e-09,1.2661628742898967,4.6425598401588636e-17,-0.1151765959783461,3.14159,1.5974931639229109e-15,-0.8077029759851388,-2.0328071245125638e-15,-2.3556320629988887,0.7859632441806976,0.0,0.46616287428989667,0.0,0.059823404021653884,0.0,-4.6425598401588636e-17,0.0,0.002588084241814573,-0.0075400064462906044,-0.007455997035804764,0.0025880842418145185,-0.007540006446290527,-0.007455997035804764,0.041406939884113717,-0.025974991468081965,-0.007264431671665412,0.04140693988410528,-0.025974991468071272,-0.007264431671663347,0,2.5,2.5,3.533547112472841
0.184,pid_ff,soft_start,0.002902216244994272,-7.701291399876384e-09,1.2683458647807004,2.615107300226482e-17,-0.11843260492898056,3.14159,-4.02148447415821e-15,-0.812842447013266,-6.64592606110581e-17,-2.3556137083583506,0.7859815988212357,0.0,0.4683458647807004,0.0,0.05656739507101943,0.0,-2.615107300226482e-17,0.0,0.0027467047826451292,-0.008016074937833304,-0.00793214302672489,0.0027467047826450746,-0.008016074937833226,-0.00793214302672489,0.04347680990428323,-0.02694753752721594,-0.007504276990081473,0.04347680990429271,-0.026947537527232238,-0.007504276990083094,0,2.5,2.5,3.5334823305261653
0.188,pid_ff,soft_start,0.0029954613525492112,-7.94872566561959e-09,1.270545403553544,2.1335101958488677e-17,-0.1217082712508457,3.14159,1.2444307539617414e-15,-0.8177497966133995,-1.2942203873134155e-15,-2.355595037277195,0.7860002699023916,0.0,0.4705454035535439,0.0,0.05329172874915429,0.0,-2.1335101958488677e-17,0.0,0.0029113700053392936,-0.00851028535829388,-0.008426433899894658,0.002911370005339239,-0.008510285358293802,-0.008426433899894658,0.04558877402415756,-0.02793388829013978,-0.007748358303519544,0.0455887740241651,-0.027933888290139798,-0.007748358303517413,0,2.5,2.5,3.5334164353737867
0.192,pid_ff,soft_start,0.0030903033537240466,-8.200397432072811e-09,1.2727607539616166,5.0319474462184525e-17,-0.1250026904848511,3.14159,6.690567143397883e-15,-0.8224313533539702,-5.082042598582408e-16,-2.35557604572513,0.7860192614544559,0.0,0.47276075396161654,0.0,0.049997309515148886,0.0,-5.0319474462184525e-17,0.0,0.003082149032817152,-0.009022845166581027,-0.00893907714799507,0.0030821490328170977,-0.009022845166580949,-0.00893907714799507,0.04774157224556725,-0.02893392512267695,-0.007996914163939375,0.04774157224557248,-0.02893392512267632,-0.007996914163941375,0,2.5,2.5,3.5333494129802934
0.196,pid_ff,soft_start,0.0031867625504604516,-8.456360572058587e-09,1.2749912048637146,4.968735170969832e-17,-0.1283149839672246,3.14159,3.8761932829361054e-16,-0.8268935568682093,-5.214750564363355e-16,-2.355556729600157,0.7860385775794292,0.0,0.4749912048637146,0.0,0.04668501603277539,0.0,-4.968735170969832e-17,0.0,0.003259108608391997,-0.009553954679679623,-0.009470273120620694,0.0032591086083919424,-0.009553954679679545,-0.009470273120620694,0.04993394068239686,-0.029947539502360274,-0.0082501807981653,0.049933940682401395,-0.029947539502359215,-0.008250180798166687,0,2.5,2.5,3.5332812490636876
0.200,pid_ff,soft_start,0.0032848595545526826,-8.716669782479005e-09,1.2772360702193877,3.315925674710093e-17,-0.13164429910592126,3.14159,-6.139038236399584e-15,-0.8311429157947416,-2.0213519315480173e-16,-2.3555370847369725,0.7860582224426143,0.0,0.47723607021938763,0.0,0.043355700894078725,0.0,-3.315925674710093e-17,0.0,0.0034423131127070106,-0.010103807123482885,-0.01002021507512006,0.003442313112706956,-0.010103807123482807,-0.01002021507512006,0.052164611784538274,-0.030974630084647625,-0.008508390814736387,0.052164611784541515,-0.030974630084658665,-0.008508390814738018,0,2.5,2.5,3.533211929125237
0.204,pid_ff,soft_start,0.0033846152450878685,-8.981380465736138e-09,1.2794946886393206,2.1232717600588584e-17,-0.13498980951014794,3.14159,-1.4078140282942937e-15,-0.8351859711086894,-1.7358283102620557e-16,-2.35551710691545,0.7860782002641358,0.0,0.47949468863932054,0.0,0.04001019048985205,0.0,-2.1232717600588584e-17,0.0,0.0036318245806719767,-0.010672588683624586,-0.010589089227436179,0.0036318245806719225,-0.010672588683624508,-0.010589089227436179,0.054432315833577445,-0.03201510082776886,-0.008771772013545438,0.05443231583357942,-0.03201510082776467,-0.008771772013543507,0,2.5,2.5,3.5331414384796176
0.208,pid_ff,soft_start,0.003486050725977102,-9.250548622309764e-09,1.2817664228972656,4.309266416055046e-17,-0.13835071499208748,3.14159,2.1069935311976097e-15,-0.8390292642171114,-4.059335332914032e-16,-2.3554967918691117,0.7860985153104743,0.0,0.48176642289726557,0.0,0.03664928500791251,0.0,-4.309266416055046e-17,0.0,0.0038277027183999906,-0.011260478556311269,-0.011177074802947011,0.003827702718399936,-0.01126047855631119,-0.011177074802947011,0.05673578317362778,-0.033068859782574275,-0.009040546304166489,0.05673578317362997,-0.03306885978257138,-0.009040546304168073,0,2.5,2.5,3.533069762284991
0.212,pid_ff,soft_start,0.003589187283990738,-9.524230742222419e-09,1.2840506594093533,-4.6056931846500416e-17,-0.1417262414577354,3.14159,-2.030246163901798e-14,-0.8426793092763191,-1.0742240425444523e-16,-2.355476135293492,0.786119171886094,0.0,0.4840506594093532,0.0,0.03327375854226458,0.0,4.6056931846500416e-17,0.0,0.004030004920144148,-0.011867648999154412,-0.01178434408730592,0.004030004920144093,-0.011867648999154334,-0.01178434408730592,0.059073746799400376,-0.034135818285328384,-0.009314928733983475,0.059073746799402124,-0.03413581828531335,-0.009314928733984752,0,2.5,2.5,3.532996885572723
0.216,pid_ff,soft_start,0.003694046347632215,-9.802483681914372e-09,1.2863468076861764,7.893323682836244e-18,-0.14511564070188293,3.14159,1.6095043101888377e-14,-0.8461425692626021,-3.695847996952882e-16,-2.35545513285434,0.7861401743252463,0.0,0.48634680768617633,0.0,0.029884359298117058,0.0,-7.893323682836244e-18,0.0,0.004238786285234257,-0.012494265382002646,-0.012411062477282162,0.004238786285234202,-0.012494265382002568,-0.012411062477282162,0.061444945046555254,-0.035215890383280074,-0.009595126624233685,0.061444945046557474,-0.03521589038328059,-0.009595126624234788,0,2.5,2.5,3.532922793276507
0.220,pid_ff,soft_start,0.0038006494471174487,-1.0085364577513877e-08,1.2886542997625896,8.249484005765592e-17,-0.14851819012062725,3.14159,1.475191363956201e-14,-0.8494254353832942,-9.878243204123713e-16,-2.3554337801956016,0.7861615269839852,0.0,0.48865429976258956,0.0,0.026481809879372736,0.0,-8.249484005765592e-17,0.0,0.0044540996350135465,-0.013140486237773969,-0.013057388531601367,0.004454099635013493,-0.01314048623777389,-0.013057388531601367,0.06384812421798722,-0.036308992386489186,-0.009881338810304317,0.06384812421797324,-0.03630899238648956,-0.009881338810301862,0,2.5,2.5,3.532847470260704
0.224,pid_ff,soft_start,0.003909018175670115,-1.037293072804866e-08,1.2909725896097608,1.4382079156587242e-16,-0.15193319235333824,3.14159,1.5448374563621697e-14,-0.8525342094659508,-1.5395646129641055e-16,-2.355412072947136,0.7861832342324497,0.0,0.49097258960976076,0.0,0.023066807646661747,0.0,-1.4382079156587242e-16,0.0,0.004675995529775357,-0.013806463313287906,-0.013723474021785987,0.004675995529775303,-0.013806463313287828,-0.013723474021785987,0.06628204104513198,-0.037415042482730275,-0.01017375498138029,0.06628204104512055,-0.03741504248273084,-0.01017375498138132,0,2.5,2.5,3.532770901347751
0.228,pid_ff,soft_start,0.004019174152294958,-1.066523950248318e-08,1.2933011525336076,1.455393547486147e-16,-0.15535997486471984,3.14159,5.701711867846655e-15,-0.8554750890031639,7.52410306015439e-16,-2.355390006732141,0.7862053004474454,0.0,0.4933011525336075,0.0,0.019640025135280154,0.0,-1.455393547486147e-16,0.0,0.00490452228569985,-0.014492341620097724,-0.01440946398299578,0.004904522285699796,-0.014492341620097646,-0.01440946398299578,0.06874546492825075,-0.0385339603799101,-0.010472555114100685,0.06874546492824124,-0.038533960379910526,-0.010472555114101417,0,2.5,2.5,3.5326930713445215
0.232,pid_ff,soft_start,0.0041311389861511,-1.0962348241289542e-08,1.2956394845633739,1.7816223850830765e-16,-0.15879788947645576,3.14159,5.9528838830056554e-15,-0.8582541545665627,1.5621178755673734e-16,-2.355367577174258,0.7862277300053284,0.0,0.4956394845633738,0.0,0.016202110523544228,0.0,-1.7816223850830765e-16,0.0,0.005139725991790715,-0.015198259485322657,-0.0151154967648683,0.005139725991790661,-0.01519825948532258,-0.0151154967648683,0.07123717992948797,-0.0396656669584599,-0.010777908994310956,0.07123717992949864,-0.03966566695846124,-0.010777908994307944,0,2.5,2.5,3.5326139650675543
0.236,pid_ff,soft_start,0.004244934242613171,-1.126431417115349e-08,1.297987101833746,2.675598642497336e-16,-0.16224631185690006,3.14159,1.722771627953833e-14,-0.8608773593329082,-2.1060007140417507e-16,-2.35534477990434,0.7862505272752465,0.0,0.49798710183374606,0.0,0.012753688143099934,0.0,-2.675598642497336e-16,0.0,0.005381650526811867,-0.015924348602480064,-0.015841704082359343,0.005381650526811813,-0.015924348602479987,-0.015841704082359343,0.0737559865129779,-0.040810083926521926,-0.01108997582109415,0.07375598651297013,-0.04081008392652176,-0.011089975821095156,0,2.5,2.5,3.532533567367086
0.240,pid_ff,soft_start,0.00436058141107953,-1.1571194316504525e-08,1.3003435399635688,2.658922016141122e-16,-0.16570464097635357,3.14159,2.4130872692765294e-15,-0.863350520492628,2.7224235482926302e-17,-2.355321610566871,0.7862736966127155,0.0,0.5003435399635687,0.0,0.009295359023646421,0.0,-2.658922016141122e-16,0.0,0.0056303375762241465,-0.016670734082317628,-0.016588211066583432,0.005630337576224093,-0.01667073408231755,-0.016588211066583432,0.07630070303805972,-0.041967133476807236,-0.011408903887155302,0.07630070303807075,-0.04196713347680753,-0.011408903887156159,0,2.5,2.5,3.532451863149846
0.244,pid_ff,soft_start,0.0044781018745628925,-1.1883045418331317e-08,1.302708353433903,2.9800405620587025e-16,-0.16917229853463864,3.14159,4.845554728227935e-15,-0.8656793123343791,-1.1163263595787716e-15,-2.355298064826032,0.7862972423535544,0.0,0.502708353433903,0.0,0.005827701465361351,0.0,-2.9800405620587025e-16,0.0,0.005885826649122038,-0.017437534503645602,-0.017355136315654305,0.005885826649121984,-0.017437534503645526,-0.017355136315654305,0.07887016701939778,-0.04313673794723213,-0.011734830329599327,0.07887016701940824,-0.04313673794721964,-0.011734830329600165,0,2.5,2.5,3.5323688374005924
0.248,pid_ff,soft_start,0.004597516881078205,-1.219992386073243e-08,1.305081114967875,2.682666780145864e-16,-0.172648728366937,3.14159,-3.4925537428133557e-15,-0.8678692608182694,-1.5681360940556635e-15,-2.355274138371405,0.7863211688081808,0.0,0.5050811149678749,0.0,0.002351271633062979,0.0,-2.682666780145864e-16,0.0,0.006148155095170357,-0.018224861964168962,-0.018142591945525366,0.006148155095170303,-0.018224861964168886,-0.018142591945525366,0.08146323617056872,-0.044318819488367106,-0.012067880945507984,0.0814632361705615,-0.04431881948836944,-0.012067880945508687,0,2.5,2.5,3.5322844752023723
0.252,pid_ff,soft_start,0.004718847516826148,-1.2521885598047403e-08,1.307461414914484,2.480085337054927e-16,-0.17613339583318513,3.14159,-3.340866520096529e-15,-0.8699257394711916,-7.920862267953621e-16,-2.355249826923321,0.7863454802562657,0.0,0.507461414914484,0.0,-0.0011333958331851413,0.0,-2.480085337054927e-16,0.0,0.006417358121540955,-0.019032822131319595,-0.01895068364083015,0.006417358121540901,-0.01903282213131952,-0.01895068364083015,0.08407878925034012,-0.04551329974120652,-0.012408170066650199,0.08407878925033427,-0.045513299741208504,-0.012408170066647763,0,2.5,2.5,3.532198761755514
0.256,pid_ff,soft_start,0.004842114681156078,-1.2848986087782207e-08,1.3098488606382876,2.6989884871082395e-16,-0.17962578719571304,3.1415899999999994,-2.2493207699671348e-15,-0.8718539664516877,-2.0900136358730503e-16,-2.355225126237853,0.7863701809417343,0.0,0.5098488606382876,0.0,-0.004625787195713049,0.0,-2.6989884871082395e-16,0.0,0.006693468809849438,-0.019861514293088557,-0.019779510705722838,0.006693468809849384,-0.01986151429308848,-0.019779510705722838,0.08671572673024014,-0.04672009952807388,-0.012755800487969147,0.08671572673023456,-0.046720099528075716,-0.012755800487967064,0,2.5,2.5,3.5321116823953536
0.260,pid_ff,soft_start,0.004967339063280839,-1.3181280230922378e-08,1.3122430759166301,2.669603197813869e-16,-0.18312540898926397,3.14159,3.8807801034478396e-15,-0.8736590026479693,3.5332569554438744e-16,-2.3552000321114566,0.7863952750681298,0.0,0.5122430759166301,0.0,-0.008125408989263977,0.0,-2.669603197813869e-16,0.0,0.006976518133091851,-0.02071103140885822,-0.020629166114718694,0.006976518133091798,-0.020711031408858143,-0.020629166114718694,0.0893729713018317,-0.04793913855948313,-0.013110863444709828,0.089372971301827,-0.047939138559484076,-0.013110863444711388,0,2.5,2.5,3.532023222608731
0.264,pid_ff,soft_start,0.005094541120706096,-1.3518822314259136e-08,1.3146437003458822,2.4021382546319266e-16,-0.18663178738703803,3.1415899999999994,-1.077180285070711e-14,-0.8753457506851148,9.676831800476565e-16,-2.3551745403852737,0.786420766794313,0.0,0.5146437003458821,0.0,-0.011631787387038045,0.0,-2.4021382546319266e-16,0.0,0.007266534972581394,-0.021581460160234475,-0.021499736563534554,0.00726653497258134,-0.0215814601602344,-0.021499736563534554,0.09204946824058935,-0.04917033515834186,-0.013473438633249978,0.09204946824058466,-0.049170335158330226,-0.013473438633251351,0,2.5,2.5,3.531933368049263
0.268,pid_ff,soft_start,0.0052241427723733296,-1.3862731935003754e-08,1.317051123775672,2.622765945054003e-16,-0.19015705764958774,3.14159,6.308292339471218e-15,-0.8800619980031104,1.316297736163262e-15,-2.3551485664382197,0.7864467407413667,0.0,0.5170511237756719,0.0,-0.015157057649587746,0.0,-2.622765945054003e-16,0.0,0.007563546134885108,-0.02247288100187893,-0.02239130251992926,0.007563546134885055,-0.022472881001878855,-0.02239130251992926,0.09473568566029031,-0.050407321817562384,-0.013845045016987311,0.09473568566028714,-0.05040732181756541,-0.013845045016988864,0,2.5,2.5,3.5318418207954188
0.272,pid_ff,soft_start,0.0053563738846170205,-1.4213619065350332e-08,1.3194654257852014,2.388675876099344e-16,-0.1937063805525879,3.14159,-6.057524323549081e-16,-0.8860666040415922,4.90281666795473e-16,-2.35512206412344,0.7864732430561467,0.0,0.5194654257852014,0.0,-0.018706380552587915,0.0,-2.388675876099344e-16,0.0,0.007867576368760612,-0.023385368212341166,-0.023303938274544234,0.00786757636876056,-0.02338536821234109,-0.023303938274544234,0.09743462063165727,-0.051678132790542564,-0.014242254103618214,0.09743462063165481,-0.05167813279054584,-0.014242254103616115,0,2.5,2.5,3.5317484186145256
0.276,pid_ff,soft_start,0.005491336172912057,-1.457175361740609e-08,1.3218863520016741,1.9653938073712787e-16,-0.19728047203093735,3.14159,-1.4429950298380974e-14,-0.8922499394577963,-4.3287148486884754e-16,-2.355095012969355,0.7865002942102315,0.0,0.5218863520016741,0.0,-0.02228047203093736,0.0,-1.9653938073712787e-16,0.0,0.00817864838209277,-0.024318989944890845,-0.024237711991743835,0.008178648382092719,-0.02431898994489077,-0.024237711991743835,0.10013703669042642,-0.052973055861298274,-0.014660036674565061,0.10013703669042498,-0.052973055861290336,-0.014660036674559899,0,2.5,2.5,3.5316530898103755
0.280,pid_ff,soft_start,0.005629072924572117,-1.493725045799019e-08,1.32431337774926,1.04347510948558e-16,-0.20087811740654685,3.14159,-2.0936050936252388e-14,-0.898130037580175,1.2978644442811207e-16,-2.3550674042102275,0.7865279029693593,0.0,0.5243133777492599,0.0,-0.025878117406546858,0.0,-1.04347510948558e-16,0.0,0.0084967828588304,-0.025273808278349925,-0.025192685760455854,0.008496782858830348,-0.02527380827834985,-0.025192685760455854,0.1028388686183799,-0.05429347486070289,-0.015101016346701544,0.10283886861839542,-0.05429347486072144,-0.015101016346700401,0,2.5,2.5,3.531555803965921
0.284,pid_ff,soft_start,0.005769599675676909,-1.5310150811413724e-08,1.3267457477100846,6.206380161199732e-17,-0.20449727305062876,3.14159,-5.0867480184373656e-15,-0.903499955474721,-8.62680266770551e-16,-2.3550392346396523,0.7865560725399341,0.0,0.5267457477100845,0.0,-0.02949727305062877,0.0,-6.206380161199732e-17,0.0,0.008821998475923016,-0.02624987926792496,-0.0261689156450121,0.008821998475922962,-0.026249879267924884,-0.0261689156450121,0.10553285698374071,-0.055629950031047086,-0.015561448225326758,0.1055328569837519,-0.055629950031048814,-0.015561448225329007,0,2.5,2.5,3.5314565502711184
0.288,pid_ff,soft_start,0.0059129160382654445,-1.5690453649966668e-08,1.3291825041999448,3.94107358941242e-17,-0.2081354883942691,3.14159,-7.198820158394329e-15,-0.9082581027572073,-9.358614575455491e-16,-2.3550105042410046,0.7865848029385818,0.0,0.5291825041999447,0.0,-0.03313548839426911,0.0,-3.94107358941242e-17,0.0,0.009154311920257471,-0.027247252996039164,-0.027166451735988716,0.009154311920257419,-0.027247252996039088,-0.027166451735988716,0.10821445020865943,-0.05698020110444895,-0.01604182597467787,0.10821445020868592,-0.05698020110446177,-0.016041825974676474,0,2.5,2.5,3.53135532916712
0.292,pid_ff,soft_start,0.00605901136673514,-1.6078130723994574e-08,1.3316225100586307,3.59095426063182e-17,-0.2117901085319206,3.14159,-9.748227446071504e-15,-0.9123534678663703,-1.5533763899138286e-15,-2.3549812150523075,0.7866140921272784,0.0,0.5316225100586307,0.0,-0.03679010853192061,0.0,-3.59095426063182e-17,0.0,0.009493737905594705,-0.028265973623164676,-0.028185338201046746,0.009493737905594653,-0.0282659736231646,-0.028185338201046746,0.11087758676194845,-0.05833846287660888,-0.016540543260604255,0.11087758676195184,-0.05833846287660546,-0.01654054326060313,0,2.5,2.5,3.531252148342811
0.296,pid_ff,soft_start,0.006207866542465148,-1.6473131300379112e-08,1.334064468102478,-3.689321947697613e-18,-0.21545834090657254,3.14159,-6.0628942403513675e-15,-0.9157516868235297,-2.1230808301542677e-16,-2.354951370809031,0.786643936370556,0.0,0.534064468102478,0.0,-0.04045834090657255,0.0,3.689321947697613e-18,0.0,0.009840289189506439,-0.02930607943865476,-0.029225613335772595,0.009840289189506387,-0.029306079438654684,-0.029225613335772595,0.113516969261435,-0.0597025462918868,-0.01705818977204887,0.11351696926143645,-0.05970254629189531,-0.017058189772047684,0,2.5,2.5,3.5311470214733824
0.300,pid_ff,soft_start,0.006359454799530949,-1.6875384353937694e-08,1.3365069383753183,-3.4558536415129646e-17,-0.2191372917269105,3.14159,-4.923935711205728e-15,-0.9184274869975131,4.712542759480281e-17,-2.354920976779064,0.7866743304005226,0.0,0.5365069383753183,0.0,-0.0441372917269105,0.0,3.4558536415129646e-17,0.0,0.010193976590311859,-0.030367602911575985,-0.03028730961451848,0.010193976590311807,-0.03036760291157591,-0.03028730961451848,0.11612617774015832,-0.06106889503628876,-0.01759465090319387,0.11612617774012392,-0.06106889503628249,-0.0175946509031897,0,2.5,2.5,3.5310399676362505
0.304,pid_ff,soft_start,0.006513741564092413,-1.7284798140060184e-08,1.3389483535608013,-7.237944823297185e-17,-0.22282397002063306,3.14159,-8.7034144942059e-15,-0.9203566076539788,2.969531107169599e-15,-2.3548900397954395,0.7867052673841464,0.0,0.5389483535608013,0.0,-0.04782397002063307,0.0,7.237944823297185e-17,0.0,0.010554809004014341,-0.031450570741540416,-0.031370453741242914,0.010554809004014289,-0.03145057074154034,-0.031370453741242914,0.11869874185654694,-0.06243565841562499,-0.01815095121594601,0.11869874185655165,-0.06243565841560815,-0.018150951215945968,0,2.5,2.5,3.5309310114235726
0.308,pid_ff,soft_start,0.0066706841628386086,-1.7701259420430462e-08,1.3413870329140778,-8.80780086230131e-17,-0.2265152901801251,3.14159,-4.359970989279e-15,-0.921515423582109,2.8499722655375803e-15,-2.354858568315348,0.7867367388642386,0.0,0.5413870329140777,0.0,-0.0515152901801251,0.0,8.80780086230131e-17,0.0,0.010922793421238156,-0.03255500390953787,-0.032475066700351204,0.010922793421238104,-0.03255500390953779,-0.032475066700351204,0.1212273595306016,-0.06380039942103871,-0.018727879537822737,0.12122735953058833,-0.06380039942102422,-0.018727879537826023,0,2.5,2.5,3.5308201831471546
0.312,pid_ff,soft_start,0.006830231203051353,-1.8124631817906045e-08,1.3438211948324568,-1.1073309220411657e-16,-0.2302080648771942,3.14159,1.0386525717705885e-16,-0.9218785407865517,1.4811768569568004e-15,-2.3548265725450577,0.7867687346345287,0.0,0.5438211948324567,0.0,-0.05520806487719421,0.0,1.1073309220411657e-16,0.0,0.011297934944165143,-0.03368091772876801,-0.03360116380753587,0.01129793494416509,-0.03368091772876793,-0.03360116380753587,0.12370448080576613,-0.0651615248407438,-0.01932680837298891,0.12370448080574857,-0.06516152484074708,-0.019326808372984575,0,2.5,2.5,3.530707519275165
0.316,pid_ff,soft_start,0.0069923219353510944,-1.85547541317045e-08,1.3462489682265733,-1.1316466887389398e-16,-0.23389899959229205,3.14159,-2.5426534692398522e-15,-0.921419199536147,2.1977088051328664e-15,-2.3547940645683805,0.7868012426112063,0.0,0.5462489682265732,0.0,-0.058898999592292056,0.0,1.1316466887389398e-16,0.0,0.01168023680347145,-0.034828321895472636,-0.03474875476061716,0.011680236803471397,-0.03482832189547256,-0.03474875476061716,0.12612201487903138,-0.0665172037794036,-0.019949014919724756,0.12612201487901542,-0.06651720377940706,-0.019949014919724395,0,2.5,2.5,3.5305930628809463
0.320,pid_ff,soft_start,0.007156885472882939,-1.899143825373855e-08,1.3486684027741085,-1.16159800179902e-17,-0.2375846835154239,3.14159,1.8784540314732103e-14,-0.9201083685772319,1.6179848380865069e-15,-2.3547610585040055,0.7868342486755804,0.0,0.5486684027741084,0.0,-0.0625846835154239,0.0,1.16159800179902e-17,0.0,0.012069700375264213,-0.035997220539767866,-0.035917843690383526,0.012069700375264161,-0.03599722053976779,-0.035917843690383526,0.12847167739653437,-0.06786606069204669,-0.020596050374291103,0.12847167739653695,-0.06786606069205015,-0.02059605037429031,0,2.5,2.5,3.530476864193058
0.324,pid_ff,soft_start,0.00732383999914038,-1.9434467082804495e-08,1.3510774781618133,-9.843757220267301e-17,-0.24126158158738864,3.1415900000000003,-1.2166756560040018e-14,-0.9179150298130611,1.2700458396304894e-15,-2.3547275706652018,0.7868677365143846,0.0,0.5510774781618133,0.0,-0.06626158158738865,0.0,9.843757220267301e-17,0.0,0.012466325198018277,-0.03718761227647631,-0.0371084292114321,0.012466325198018225,-0.03718761227647623,-0.0371084292114321,0.1307449046203825,-0.06920665327510613,-0.021269390298590894,0.13074490462038468,-0.06920665327510828,-0.021269390298587383,0,2.5,2.5,3.530358981153187
0.328,pid_ff,soft_start,0.007493091898949395,-1.9883592195777147e-08,1.353474112391298,3.2722870861734475e-18,-0.24492602484204168,3.14159,1.2870549910238326e-14,-0.9148057541655428,4.0004889691351117e-16,-2.354693619735024,0.786901687444562,0.0,0.5534741123912978,0.0,-0.06992602484204169,0.0,-3.2722870861734475e-18,0.0,0.012870108989512864,-0.038399490255959214,-0.03832050447300906,0.012870108989512814,-0.03839949025595914,-0.03832050447300906,0.1329330720089953,-0.07053781528954925,-0.021970598730186586,0.13293307200899734,-0.07053781528953808,-0.02197059873018321,0,2.5,2.5,3.5302394800281496
0.332,pid_ff,soft_start,0.007664534875182728,-2.0338531529076185e-08,1.3558561692343178,-6.15247807438685e-17,-0.24857420125300647,3.14159,-3.932993958330226e-15,-0.9107448275099217,8.567347801087378e-16,-2.35465922694448,0.7869360802351064,0.0,0.5558561692343178,0.0,-0.07357420125300648,0.0,6.15247807438685e-17,0.0,0.013281047663768333,-0.03963284221494882,-0.03955405720985032,0.013281047663768282,-0.03963284221494874,-0.03955405720985032,0.1350274925796368,-0.07185839886462526,-0.022701140443411483,0.13502749257963836,-0.07185839886462825,-0.02270114044340882,0,2.5,2.5,3.5301184360317994
0.336,pid_ff,soft_start,0.007838049020769122,-2.0798966893288337e-08,1.3582214649108242,5.073556465725304e-18,-0.25220214562329607,3.14159,1.5980747298451175e-14,-0.9056940117453529,-5.46116612408807e-16,-2.3546244162597643,0.7869708909198216,0.0,0.5582214649108241,0.0,-0.07720214562329608,0.0,-5.073556465725304e-18,0.0,0.013699135347982835,-0.040887650527380415,-0.04080906979302181,0.013699135347982783,-0.04088765052738034,-0.04080906979302181,0.13701956107301347,-0.07316744463414307,-0.023462449450490364,0.1370195610730146,-0.07316744463414526,-0.023462449450487265,0,2.5,2.5,3.5299959339783156
0.340,pid_ff,soft_start,0.008013499879011806,-2.1264541501128188e-08,1.3605677740668654,4.550748025459193e-18,-0.2558057295934949,3.14159,-1.122222497258888e-14,-0.8996125743949006,-3.361378313244355e-16,-2.3545892145719383,0.7870060926076476,0.0,0.5605677740668653,0.0,-0.08080572959349491,0.0,-4.550748025459193e-18,0.0,0.014124364399469016,-0.04216389225522455,-0.04208551928075997,0.014124364399468965,-0.042163892255224475,-0.04208551928075997,0.1389007843267366,-0.07446405198840811,-0.024255823839730448,0.13890078432673789,-0.07446405198841027,-0.024255823839727818,0,2.5,2.5,3.52987206894357
0.344,pid_ff,soft_start,0.008190737481076241,-2.173485739351907e-08,1.3628928351240486,-2.0818240645587265e-17,-0.25938065105159686,3.14159,-3.3845967176668633e-16,-0.8924571392359002,-1.7365832410204343e-17,-2.354553651891296,0.7870416552882897,0.0,0.5628928351240485,0.0,-0.08438065105159687,0.0,2.0818240645587265e-17,0.0,0.014556725422590781,-0.04346153919931935,-0.0433833774693124,0.01455672542259073,-0.04346153919931928,-0.0433833774693124,0.1406628813395086,-0.07574746203873484,-0.025082449642741405,0.14066288133950933,-0.07574746203873568,-0.025082449642735646,0,2.5,2.5,3.529746946942428
0.348,pid_ff,soft_start,0.008369595381251316,-2.2209472891439095e-08,1.3651943550733958,-7.784512119717698e-18,-0.26292242351024947,3.1415900000000003,9.791949809077818e-15,-0.8841816781651045,-3.0302446751344133e-16,-2.3545177615422754,0.7870775456373105,0.0,0.5651943550733958,0.0,-0.08792242351024948,0.0,7.784512119717698e-18,0.0,0.014996207285699911,-0.04478055795020256,-0.04470261094377809,0.01499620728569986,-0.044780557950202485,-0.04470261094377809,0.14229782424401433,-0.07701699079946142,-0.025943339422089887,0.14229782424401521,-0.07701699079946263,-0.025943339422091552,0,2.5,2.5,3.529620685607443
0.352,pid_ff,soft_start,0.008549889690121944,-2.2687900028538405e-08,1.3674700137840434,4.5318481987936814e-17,-0.26642636514875306,3.14159,3.7678908774495295e-15,-0.8747374275102554,-4.052647841578152e-16,-2.354481580358885,0.7871137268207011,0.0,0.5674700137840434,0.0,-0.09142636514875307,0.0,-4.5318481987936814e-17,0.0,0.015442797138072823,-0.04612090993894381,-0.04604318112894802,0.015442797138072773,-0.04612090993894374,-0.04604318112894802,0.14379791210412324,-0.07827206744835835,-0.026839336033944255,0.1437979121041067,-0.0782720674483594,-0.02683933603394522,0,2.5,2.5,3.529493414868854
0.356,pid_ff,soft_start,0.008731418122061135,-2.3169602021828463e-08,1.3697174678974355,6.113228229505076e-17,-0.2698875878723927,3.14159,6.269556776337389e-15,-0.8640728923606428,-1.370506565812997e-17,-2.3544451488773546,0.7871501583022322,0.0,0.5697174678974355,0.0,-0.09488758787239271,0.0,-6.113228229505076e-17,0.0,0.015896480426847267,-0.04748255148797687,-0.047405044340145676,0.015896480426847215,-0.047482551487976796,-0.047405044340145676,0.14515581417934392,-0.07951219848430058,-0.02777107551905044,0.1451558141793458,-0.07951219848430287,-0.02777107551904793,0,2.5,2.5,3.529365277624311
0.360,pid_ff,soft_start,0.008913959064754822,-2.3653990803908218e-08,1.3719343543766775,1.0142653323613236e-16,-0.2733009863403479,3.14159,4.636467649504134e-15,-0.8521338387250987,-4.497728926266862e-16,-2.3544085115244386,0.7871867956551473,0.0,0.5719343543766775,0.0,-0.0983009863403479,0.0,-1.0142653323613236e-16,0.0,0.01635724091395901,-0.048865433861931755,-0.048788151834067414,0.01635724091395896,-0.04886543386193168,-0.048788151834067414,0.14636462817057339,-0.0807369827763304,-0.028738983004743084,0.14636462817057513,-0.08073698277633236,-0.02873898300474095,0,2.5,2.5,3.5292364303928956
0.364,pid_ff,soft_start,0.009097270687341247,-2.414042465483343e-08,1.3741182937807956,8.851425677848058e-17,-0.27666122725866293,3.14159,-1.4684723807336335e-16,-0.8388633597067651,-3.562732741823273e-17,-2.354371716798051,0.7872235903815348,0.0,0.5741182937807956,0.0,-0.10166122725866295,0.0,-8.851425677848058e-17,0.0,0.016825060693078545,-0.050269503318466933,-0.05019244985962297,0.016825060693078493,-0.05026950331846686,-0.05019244985962297,0.14741792291063802,-0.08194609066685035,-0.029743250178029902,0.1474179229106395,-0.0819460906668387,-0.02974325017803106,0,2.5,2.5,3.529107043941764
0.368,pid_ff,soft_start,0.0092810901010225,-2.4628205977013263e-08,1.3762668933334532,9.141887807837365e-18,-0.27996273907374786,3.14159,-1.7528172389619266e-14,-0.8242019754961831,9.312625606067551e-16,-2.3543348174374237,0.7872604897421631,0.0,0.5762668933334532,0.0,-0.10496273907374787,0.0,-9.141887807837365e-18,0.0,0.017299920206547824,-0.05169470115910165,-0.05161787970877605,0.017299920206547772,-0.051694701159101575,-0.05161787970877605,0.14830978754264063,-0.08313926695282937,-0.03078382982126237,0.14830978754264185,-0.08313926695283215,-0.03078382982126377,0,2.5,2.5,3.5289773038756405
0.372,pid_ff,soft_start,0.00946513259150734,-2.511657925067754e-08,1.3783777498559837,2.7006078486030594e-17,-0.28319970239955783,3.14159,4.800450817823423e-15,-0.8080878165327202,-5.89170152701128e-17,-2.3542978705788817,0.7872974366007046,0.0,0.5783777498559837,0.0,-0.10819970239955784,0.0,-2.7006078486030594e-17,0.0,0.017781798262316916,-0.053140963780047956,-0.0530643777673846,0.017781798262316864,-0.05314096378004788,-0.0530643777673846,0.14903487302306082,-0.08431631709582191,-0.031860423338067274,0.14903487302306184,-0.08431631709582467,-0.031860423338067705,0,2.5,2.5,3.5288474111755432
0.376,pid_ff,soft_start,0.009649090943008146,-2.5604729254694873e-08,1.3804484526349179,4.827401624667049e-17,-0.28636604147651584,3.14159,3.2593691744163992e-15,-0.7904568810753969,1.4388910488803975e-17,-2.3542609378932657,0.7873343692863202,0.0,0.5804484526349178,0.0,-0.11136604147651585,0.0,-4.827401624667049e-17,0.0,0.01827067205088072,-0.05460822272304294,-0.05453187556604139,0.01827067205088067,-0.05460822272304287,-0.05453187556604139,0.14958843658623822,-0.08547710441375705,-0.03297247785955551,0.14958843658623905,-0.08547710441375865,-0.03297247785955278,0,2.5,2.5,3.528717582672866
0.380,pid_ff,soft_start,0.009832634877616467,-2.6091779566369935e-08,1.382476586294755,5.620031209776786e-17,-0.2894554170927511,3.14159,-3.673944370869318e-15,-0.7712434002639257,-3.6182904782022584e-16,-2.3542240857001784,0.7873712214794075,0.0,0.582476586294755,0.0,-0.11445541709275109,0.0,-5.620031209776786e-17,0.0,0.018766517162215703,-0.05609640472618105,-0.0560202998309145,0.018766517162215654,-0.05609640472618097,-0.0560202998309145,0.14996638486878275,-0.08662154033708155,-0.03411918235853322,0.14996638486878383,-0.08662154033708365,-0.03411918235853699,0,2.5,2.5,3.5285880514420285
0.384,pid_ff,soft_start,0.010015410635853738,-2.657679144811919e-08,1.38445973374732,1.7106205532493685e-16,-0.2924612214295813,3.14159,4.0363235621561805e-14,-0.7503803184947189,-1.8482179806564714e-15,-2.354187385053848,0.7874079221257384,0.0,0.5844597337473199,0.0,-0.11746122142958132,0.0,-1.7106205532493685e-16,0.0,0.019269307602716574,-0.057605431774746176,-0.05752957253458779,0.019269307602716522,-0.0576054317747461,-0.05752957253458779,0.15016534271357732,-0.08774958029256327,-0.03529947042137254,0.1501653427135775,-0.087749580292566,-0.035299470421368856,0,2.5,2.5,3.5284590670935794
0.388,pid_ff,soft_start,0.010197040728075537,-2.7058763211747104e-08,1.3863954792895579,-4.22971927798692e-18,-0.2953765753990653,3.14159,-4.151830582775401e-14,-0.7277999155519091,1.039149900684409e-15,-2.354150911794615,0.7874443953849717,0.0,0.5863954792895578,0.0,-0.12037657539906532,0.0,4.22971927798692e-18,0.0,0.019779015812132993,-0.0591352211520439,-0.05905961094690137,0.01977901581213294,-0.059135221152043824,-0.05905961094690137,0.15018164690603192,-0.08886121738069322,-0.03651202567177018,0.15018164690602595,-0.08886121738068062,-0.03651202567177065,0,2.5,2.5,3.528330895946843
0.392,pid_ff,soft_start,0.01037712387173199,-2.75366300037488e-08,1.3882814119268312,3.8478451179878444e-17,-0.29819432909538396,3.14159,-9.720045507529892e-16,-0.7034345839532962,9.586885831414436e-16,-2.354114746562984,0.7874805606166024,0.0,0.5882814119268311,0.0,-0.12319432909538397,0.0,-3.8478451179878444e-17,0.0,0.02029561268050625,-0.06068568549023359,-0.060610327685791936,0.0202956126805062,-0.06068568549023352,-0.060610327685791936,0.15001583433670643,-0.08995652475292745,-0.03775529294164021,0.15001583433670343,-0.08995652475291781,-0.03775529294164045,0,2.5,2.5,3.5282038210716142
0.396,pid_ff,soft_start,0.010542556798513403,-2.7975621130548655e-08,1.390094535849529,-2.2057449802255785e-17,-0.300569938003723,3.14159,-7.811868255607514e-15,-0.5930557899690949,7.12237070801962e-16,-2.3540815211680726,0.7875137860115142,0.0,0.5900945358495289,0.0,-0.12556993800372301,0.0,2.2057449802255785e-17,0.0,0.02081906756510602,-0.06225673282116077,-0.0621816307681335,0.020819067565105973,-0.0622567328211607,-0.0621816307681335,0.14984104257716013,-0.09117362975107693,-0.038997557128182495,0.14984104257716024,-0.09117362975108165,-0.0389975571281827,0,2.5,2.5,3.528087088124298
0.400,pid_ff,soft_start,0.0106985232957869,-2.838949223625862e-08,1.3918365350582982,-5.637171036399925e-17,-0.30267179739233396,3.14159,-5.036273136429673e-15,-0.5247158942782388,4.9247346889313433e-17,-2.354050194988491,0.7875451121910952,0.0,0.5918365350582981,0.0,-0.12767179739233397,0.0,5.637171036399925e-17,0.0,0.02134934830736705,-0.06384826662718925,-0.06377342366057773,0.021349348307367,-0.06384826662718916,-0.06377342366057773,0.1492900052733374,-0.09144680326936591,-0.03979961504663658,0.14929000527333636,-0.09144680326934448,-0.039799615046633346,0,2.5,2.5,3.5279770384554996
0.404,pid_ff,soft_start,0.010847195123710062,-2.8784006280723484e-08,1.3935077073101796,8.37305113450747e-18,-0.3045740772626918,3.14159,7.67385460668166e-15,-0.4748920990044451,-3.1176564465924515e-16,-2.3540203321382855,0.7875749750413004,0.0,0.5935077073101795,0.0,-0.12957407726269182,0.0,-8.37305113450747e-18,0.0,0.0218864212498258,-0.06546018589203317,-0.06538560533039427,0.02188642124982575,-0.06546018589203309,-0.06538560533039427,0.14873086003916403,-0.09187387986524775,-0.040782442981650444,0.14873086003916727,-0.09187387986524374,-0.04078244298165103,0,2.5,2.5,3.527872139114956
0.408,pid_ff,soft_start,0.010989591414694057,-2.9161867624490387e-08,1.3951079589379745,2.5802778353559755e-17,-0.30631367669805665,3.14159,5.016489380000174e-15,-0.43427993923131963,-1.0539220206659647e-15,-2.3539917281538174,0.7876035790257685,0.0,0.5951079589379744,0.0,-0.13131367669805666,0.0,-2.5802778353559755e-17,0.0,0.022430251253057244,-0.06709238515158948,-0.06701807029631153,0.022430251253057195,-0.0670923851515894,-0.06701807029631153,0.14801638323645927,-0.09220515586853431,-0.04174073388559593,0.14801638323646107,-0.09220515586851898,-0.04174073388559598,0,2.5,2.5,3.527771670595382
0.412,pid_ff,soft_start,0.011126151260795794,-2.9524241437995398e-08,1.3966370746678347,6.595001373264681e-17,-0.307908016182546,3.14159,4.7482032902189605e-15,-0.39801669994799554,-1.1037437326224274e-15,-2.3539642950400577,0.7876310121395287,0.0,0.5966370746678347,0.0,-0.132908016182546,0.0,-6.595001373264681e-17,0.0,0.022980801712611496,-0.06874475454476989,-0.06867070867935689,0.022980801712611448,-0.0687447545447698,-0.06867070867935689,0.14719557591104743,-0.09270873365034192,-0.042833369612187776,0.14719557591105112,-0.09270873365035472,-0.04283336961218777,0,2.5,2.5,3.5276753227244577
0.416,pid_ff,soft_start,0.011257042922067308,-2.987157421473348e-08,1.3980948065093595,3.4771832915140707e-17,-0.309365661625104,3.14159,4.063377881509821e-15,-0.36389189016232953,-1.1115014435533097e-15,-2.353937999185089,0.7876573079944968,0.0,0.5980948065093594,0.0,-0.134365661625104,0.0,-3.4771832915140707e-17,0.0,0.023538034575950564,-0.0704171798643332,-0.07034340625369732,0.023538034575950516,-0.07041717986433312,-0.07034340625369732,0.14619577905586106,-0.09328086377240384,-0.04398938106396231,0.146195779055859,-0.09328086377241337,-0.04398938106396249,0,2.5,2.5,3.527582976453266
0.420,pid_ff,soft_start,0.01138227710692431,-3.0203894370267625e-08,1.3994808998558663,5.83948075465017e-17,-0.310689991421729,3.14159,-1.7455732466169538e-16,-0.33061047901471524,-5.285225666706971e-16,-2.3539128386162345,0.7876824685633519,0.0,0.5994808998558663,0.0,-0.135689991421729,0.0,-5.83948075465017e-17,0.0,0.024101910359385012,-0.07210954260771746,-0.0720360444974798,0.024101910359384967,-0.07210954260771738,-0.0720360444974798,0.14501699200268847,-0.09397419773843896,-0.04524183888618551,0.14501699200268262,-0.0939741977384459,-0.045241838886185735,0,2.5,2.5,3.527494623910431
0.424,pid_ff,soft_start,0.011501778450840475,-3.052100191728659e-08,1.4007951018375706,8.812535319666339e-17,-0.3118817233916207,3.14159,-1.1690350699262231e-16,-0.29750826982313877,-6.316037355698525e-16,-2.353888828646695,0.7877064785328916,0.0,0.6007951018375706,0.0,-0.1368817233916207,0.0,-8.812535319666339e-17,0.0,0.024672388165010724,-0.07382172002787227,-0.07374850064367186,0.024672388165010675,-0.07382172002787218,-0.07374850064367186,0.14363905961452558,-0.09475439575343467,-0.04656491616390659,0.14363905961452386,-0.0947543957534286,-0.04656491616390664,0,2.5,2.5,3.5274103179610874
0.428,pid_ff,soft_start,0.011615415665431422,-3.08225484693377e-08,1.4020371616543932,1.0678551186581634e-16,-0.3129398673105783,3.14159,1.0584758655514812e-14,-0.26415886006380446,-1.88660937164404e-16,-2.353865995821615,0.7877293113579711,0.0,0.6020371616543931,0.0,-0.13793986731057833,0.0,-1.0678551186581634e-16,0.0,0.025249425697645506,-0.07555358518409068,-0.07548064773090185,0.025249425697645458,-0.0755535851840906,-0.07548064773090185,0.1420663925571698,-0.09562924356073152,-0.04795881279495109,0.1420663925571674,-0.09562924356073868,-0.04795881279494779,0,2.5,2.5,3.5273301509309656
